,case:Rfp_id
0,request for payment 73550
1,request for payment 73552
2,request for payment 76316
3,request for payment 73536
4,request for payment 185372
5,request for payment 76195
6,request for payment 73737
7,request for payment 77107
8,request for payment 185391
9,request for payment 76211
10,request for payment 76213
11,request for payment 77877
12,request for payment 185377
13,request for payment 185342
14,request for payment 76396
15,request for payment 73039
16,request for payment 76424
17,request for payment 73258
18,request for payment 76579
19,request for payment 185354
20,request for payment 74097
21,request for payment 72603
22,request for payment 77902
23,request for payment 73897
24,request for payment 76930
25,request for payment 76934
26,request for payment 76932
27,request for payment 76936
28,request for payment 72937
29,request for payment 72939
30,request for payment 76710
31,request for payment 76712
32,request for payment 74133
33,request for payment 76972
34,request for payment 73932
35,request for payment 73955
36,request for payment 185385
37,request for payment 76613
38,request for payment 76622
39,request for payment 76250
40,request for payment 76252
41,request for payment 76248
42,request for payment 75827
43,request for payment 75830
44,request for payment 74504
45,request for payment 74521
46,request for payment 74519
47,request for payment 76648
48,request for payment 76650
49,request for payment 74547
50,request for payment 74020
51,request for payment 74017
52,request for payment 75931
53,request for payment 73308
54,request for payment 73190
55,request for payment 73192
56,request for payment 75959
57,request for payment 75961
58,request for payment 73216
59,request for payment 77824
60,request for payment 77284
61,request for payment 77286
62,request for payment 74581
63,request for payment 74579
64,request for payment 73444
65,request for payment 74209
66,request for payment 76758
67,request for payment 74846
68,request for payment 74876
69,request for payment 75369
70,request for payment 75241
71,request for payment 74388
72,request for payment 72154
73,request for payment 72156
74,request for payment 73337
75,request for payment 73339
76,request for payment 185346
77,request for payment 72553
78,request for payment 76484
79,request for payment 76482
80,request for payment 74724
81,request for payment 73484
82,request for payment 75387
83,request for payment 75389
84,request for payment 74438
85,request for payment 74420
86,request for payment 74417
87,request for payment 185340
88,request for payment 74906
89,request for payment 74454
90,request for payment 74947
91,request for payment 77075
92,request for payment 77073
93,request for payment 71975
94,request for payment 71973
95,request for payment 71978
96,request for payment 76693
97,request for payment 73510
98,request for payment 72009
99,request for payment 72006
100,request for payment 77547
101,request for payment 185368
102,request for payment 185350
103,request for payment 74787
104,request for payment 77914
105,request for payment 77953
106,request for payment 77951
107,request for payment 78106
108,request for payment 78108
109,request for payment 78122
110,request for payment 77977
111,request for payment 72883
112,request for payment 73111
113,request for payment 73141
114,request for payment 75155
115,request for payment 73358
116,request for payment 73355
117,request for payment 185334
118,request for payment 73399
119,request for payment 73397
120,request for payment 75287
121,request for payment 72081
122,request for payment 75321
123,request for payment 75339
124,request for payment 75337
125,request for payment 75334
126,request for payment 75543
127,request for payment 72280
128,request for payment 72357
129,request for payment 72411
130,request for payment 72425
131,request for payment 72427
132,request for payment 72429
133,request for payment 72423
134,request for payment 185381
135,request for payment 75556
136,request for payment 72453
137,request for payment 75666
138,request for payment 72703
139,request for payment 75714
140,request for payment 75712
141,request for payment 72715
142,request for payment 72844
143,request for payment 76057
144,request for payment 76073
145,request for payment 76130
146,request for payment 76139
147,request for payment 79866
148,request for payment 82117
149,request for payment 79987
150,request for payment 82528
151,request for payment 82612
152,request for payment 82433
153,request for payment 80546
154,request for payment 80541
155,request for payment 80545
156,request for payment 80543
157,request for payment 85352
158,request for payment 83696
159,request for payment 83691
160,request for payment 83694
161,request for payment 85522
162,request for payment 82482
163,request for payment 83062
164,request for payment 80002
165,request for payment 81997
166,request for payment 185358
167,request for payment 82548
168,request for payment 82544
169,request for payment 82546
170,request for payment 82014
171,request for payment 84609
172,request for payment 82564
173,request for payment 82505
174,request for payment 82909
175,request for payment 80606
176,request for payment 80608
177,request for payment 85401
178,request for payment 82927
179,request for payment 80122
180,request for payment 80119
181,request for payment 80124
182,request for payment 80126
183,request for payment 80247
184,request for payment 80027
185,request for payment 80042
186,request for payment 80069
187,request for payment 86374
188,request for payment 85564
189,request for payment 85566
190,request for payment 82170
191,request for payment 82168
192,request for payment 83933
193,request for payment 81490
194,request for payment 85995
195,request for payment 80782
196,request for payment 82100
197,request for payment 86474
198,request for payment 185360
199,request for payment 84897
200,request for payment 84895
201,request for payment 82310
202,request for payment 78515
203,request for payment 86495
204,request for payment 80670
205,request for payment 80672
206,request for payment 80668
207,request for payment 86022
208,request for payment 86020
209,request for payment 83844
210,request for payment 185364
211,request for payment 85286
212,request for payment 83110
213,request for payment 82229
214,request for payment 82231
215,request for payment 81985
216,request for payment 81170
217,request for payment 84647
218,request for payment 84649
219,request for payment 83335
220,request for payment 83262
221,request for payment 83361
222,request for payment 80688
223,request for payment 78556
224,request for payment 185404
225,request for payment 83380
226,request for payment 81411
227,request for payment 83583
228,request for payment 83566
229,request for payment 83610
230,request for payment 83608
231,request for payment 83606
232,request for payment 82347
233,request for payment 85844
234,request for payment 85846
235,request for payment 83782
236,request for payment 85335
237,request for payment 85874
238,request for payment 82359
239,request for payment 82377
240,request for payment 78928
241,request for payment 83409
242,request for payment 83404
243,request for payment 83407
244,request for payment 80204
245,request for payment 83479
246,request for payment 84023
247,request for payment 84021
248,request for payment 83494
249,request for payment 83425
250,request for payment 83427
251,request for payment 80380
252,request for payment 84046
253,request for payment 86128
254,request for payment 78971
255,request for payment 79086
256,request for payment 78401
257,request for payment 185422
258,request for payment 86298
259,request for payment 84197
260,request for payment 84199
261,request for payment 86201
262,request for payment 86188
263,request for payment 79759
264,request for payment 185395
265,request for payment 185400
266,request for payment 81435
267,request for payment 80999
268,request for payment 81463
269,request for payment 86405
270,request for payment 85446
271,request for payment 86543
272,request for payment 86545
273,request for payment 81611
274,request for payment 81609
275,request for payment 81820
276,request for payment 185417
277,request for payment 81677
278,request for payment 81679
279,request for payment 81833
280,request for payment 81835
281,request for payment 185408
282,request for payment 81807
283,request for payment 86213
284,request for payment 78180
285,request for payment 84142
286,request for payment 80521
287,request for payment 79124
288,request for payment 85164
289,request for payment 79185
290,request for payment 79206
291,request for payment 79208
292,request for payment 79963
293,request for payment 78581
294,request for payment 78579
295,request for payment 78254
296,request for payment 84479
297,request for payment 84481
298,request for payment 84705
299,request for payment 84709
300,request for payment 84707
301,request for payment 78236
302,request for payment 80736
303,request for payment 80738
304,request for payment 185412
305,request for payment 78284
306,request for payment 78838
307,request for payment 80420
308,request for payment 80418
309,request for payment 79914
310,request for payment 84354
311,request for payment 84352
312,request for payment 84350
313,request for payment 84348
314,request for payment 84385
315,request for payment 84383
316,request for payment 79930
317,request for payment 78998
318,request for payment 85491
319,request for payment 79255
320,request for payment 84507
321,request for payment 78305
322,request for payment 85507
323,request for payment 16289
324,request for payment 8798
325,request for payment 8796
326,request for payment 22598
327,request for payment 185602
328,request for payment 185607
329,request for payment 185746
330,request for payment 185740
331,request for payment 185567
332,request for payment 185802
333,request for payment 8822
334,request for payment 8820
335,request for payment 185751
336,request for payment 185591
337,request for payment 7055
338,request for payment 185579
339,request for payment 36828
340,request for payment 36825
341,request for payment 185503
342,request for payment 43536
343,request for payment 8847
344,request for payment 8845
345,request for payment 8843
346,request for payment 7113
347,request for payment 185757
348,request for payment 7712
349,request for payment 6650
350,request for payment 6653
351,request for payment 65570
352,request for payment 4544
353,request for payment 4539
354,request for payment 4541
355,request for payment 4543
356,request for payment 67028
357,request for payment 67030
358,request for payment 185475
359,request for payment 41384
360,request for payment 14414
361,request for payment 14417
362,request for payment 14419
363,request for payment 42589
364,request for payment 42587
365,request for payment 7758
366,request for payment 7760
367,request for payment 7755
368,request for payment 185617
369,request for payment 7819
370,request for payment 185597
371,request for payment 54014
372,request for payment 7838
373,request for payment 185612
374,request for payment 185508
375,request for payment 30712
376,request for payment 9710
377,request for payment 9707
378,request for payment 185513
379,request for payment 185573
380,request for payment 7165
381,request for payment 7161
382,request for payment 7163
383,request for payment 39896
384,request for payment 30728
385,request for payment 21956
386,request for payment 3043
387,request for payment 185585
388,request for payment 9777
389,request for payment 185763
390,request for payment 9799
391,request for payment 54055
392,request for payment 8354
393,request for payment 16342
394,request for payment 65591
395,request for payment 8373
396,request for payment 39924
397,request for payment 39925
398,request for payment 185550
399,request for payment 6172
400,request for payment 30756
401,request for payment 55501
402,request for payment 8441
403,request for payment 8438
404,request for payment 66015
405,request for payment 66017
406,request for payment 66012
407,request for payment 55253
408,request for payment 31203
409,request for payment 31200
410,request for payment 6551
411,request for payment 8455
412,request for payment 8458
413,request for payment 8481
414,request for payment 8478
415,request for payment 66066
416,request for payment 8500
417,request for payment 43576
418,request for payment 43578
419,request for payment 43574
420,request for payment 185681
421,request for payment 185562
422,request for payment 185768
423,request for payment 8521
424,request for payment 6804
425,request for payment 65640
426,request for payment 22663
427,request for payment 22666
428,request for payment 185647
429,request for payment 66081
430,request for payment 66083
431,request for payment 9234
432,request for payment 55528
433,request for payment 9258
434,request for payment 9263
435,request for payment 9261
436,request for payment 661
437,request for payment 6834
438,request for payment 6836
439,request for payment 6838
440,request for payment 6278
441,request for payment 22700
442,request for payment 22067
443,request for payment 9312
444,request for payment 31227
445,request for payment 31225
446,request for payment 31229
447,request for payment 185703
448,request for payment 7534
449,request for payment 9349
450,request for payment 9355
451,request for payment 9353
452,request for payment 9351
453,request for payment 9382
454,request for payment 700
455,request for payment 185628
456,request for payment 64051
457,request for payment 727
458,request for payment 724
459,request for payment 61876
460,request for payment 61874
461,request for payment 61872
462,request for payment 26866
463,request for payment 26864
464,request for payment 26861
465,request for payment 31257
466,request for payment 31254
467,request for payment 776
468,request for payment 778
469,request for payment 780
470,request for payment 7571
471,request for payment 6879
472,request for payment 185778
473,request for payment 808
474,request for payment 811
475,request for payment 14275
476,request for payment 65692
477,request for payment 65694
478,request for payment 9428
479,request for payment 847
480,request for payment 845
481,request for payment 55558
482,request for payment 185653
483,request for payment 22400
484,request for payment 883
485,request for payment 6319
486,request for payment 6321
487,request for payment 185735
488,request for payment 6904
489,request for payment 1692
490,request for payment 1689
491,request for payment 185784
492,request for payment 14302
493,request for payment 185773
494,request for payment 185623
495,request for payment 6936
496,request for payment 6934
497,request for payment 6933
498,request for payment 6347
499,request for payment 6975
500,request for payment 6971
501,request for payment 6973
502,request for payment 7590
503,request for payment 7588
504,request for payment 7327
505,request for payment 7617
506,request for payment 7615
507,request for payment 7613
508,request for payment 7619
509,request for payment 61922
510,request for payment 61920
511,request for payment 1758
512,request for payment 1756
513,request for payment 14502
514,request for payment 14499
515,request for payment 1793
516,request for payment 31298
517,request for payment 185557
518,request for payment 7367
519,request for payment 26911
520,request for payment 41488
521,request for payment 22418
522,request for payment 1814
523,request for payment 2442
524,request for payment 7655
525,request for payment 7651
526,request for payment 7653
527,request for payment 7649
528,request for payment 2484
529,request for payment 6375
530,request for payment 66124
531,request for payment 43658
532,request for payment 2504
533,request for payment 2506
534,request for payment 2508
535,request for payment 1211
536,request for payment 61953
537,request for payment 1866
538,request for payment 22759
539,request for payment 66433
540,request for payment 14321
541,request for payment 14324
542,request for payment 42068
543,request for payment 42066
544,request for payment 2576
545,request for payment 2573
546,request for payment 55582
547,request for payment 55585
548,request for payment 8142
549,request for payment 8137
550,request for payment 8140
551,request for payment 43680
552,request for payment 43677
553,request for payment 42088
554,request for payment 42086
555,request for payment 66464
556,request for payment 22796
557,request for payment 22794
558,request for payment 22798
559,request for payment 22783
560,request for payment 22781
561,request for payment 22800
562,request for payment 22804
563,request for payment 22793
564,request for payment 22787
565,request for payment 22791
566,request for payment 22778
567,request for payment 22785
568,request for payment 22806
569,request for payment 22789
570,request for payment 22802
571,request for payment 42112
572,request for payment 42114
573,request for payment 2700
574,request for payment 7874
575,request for payment 185790
576,request for payment 2719
577,request for payment 61990
578,request for payment 1345
579,request for payment 185659
580,request for payment 2735
581,request for payment 2738
582,request for payment 6412
583,request for payment 185795
584,request for payment 2781
585,request for payment 2778
586,request for payment 7906
587,request for payment 30819
588,request for payment 22449
589,request for payment 56329
590,request for payment 23619
591,request for payment 1401
592,request for payment 2805
593,request for payment 2832
594,request for payment 1418
595,request for payment 2245
596,request for payment 2247
597,request for payment 7922
598,request for payment 66534
599,request for payment 66537
600,request for payment 62010
601,request for payment 2660
602,request for payment 2658
603,request for payment 2662
604,request for payment 43701
605,request for payment 62026
606,request for payment 42147
607,request for payment 42145
608,request for payment 3194
609,request for payment 2285
610,request for payment 2283
611,request for payment 2310
612,request for payment 42625
613,request for payment 42623
614,request for payment 3443
615,request for payment 2331
616,request for payment 2334
617,request for payment 185432
618,request for payment 6468
619,request for payment 6465
620,request for payment 185438
621,request for payment 31423
622,request for payment 185808
623,request for payment 15128
624,request for payment 64174
625,request for payment 64178
626,request for payment 64176
627,request for payment 6494
628,request for payment 6492
629,request for payment 6490
630,request for payment 6487
631,request for payment 3480
632,request for payment 26973
633,request for payment 31753
634,request for payment 62063
635,request for payment 3105
636,request for payment 3100
637,request for payment 3107
638,request for payment 3103
639,request for payment 8977
640,request for payment 31794
641,request for payment 31449
642,request for payment 64212
643,request for payment 64210
644,request for payment 22548
645,request for payment 22550
646,request for payment 3138
647,request for payment 62741
648,request for payment 22569
649,request for payment 3561
650,request for payment 3564
651,request for payment 3596
652,request for payment 43723
653,request for payment 9019
654,request for payment 8597
655,request for payment 185444
656,request for payment 185821
657,request for payment 23191
658,request for payment 4024
659,request for payment 4026
660,request for payment 4022
661,request for payment 66648
662,request for payment 66644
663,request for payment 66646
664,request for payment 31505
665,request for payment 31523
666,request for payment 185451
667,request for payment 31982
668,request for payment 31980
669,request for payment 31984
670,request for payment 23207
671,request for payment 9103
672,request for payment 3303
673,request for payment 31855
674,request for payment 56409
675,request for payment 66686
676,request for payment 66684
677,request for payment 4367
678,request for payment 8751
679,request for payment 23222
680,request for payment 62782
681,request for payment 62780
682,request for payment 185719
683,request for payment 185463
684,request for payment 185827
685,request for payment 185812
686,request for payment 9125
687,request for payment 9147
688,request for payment 9145
689,request for payment 9142
690,request for payment 4415
691,request for payment 27009
692,request for payment 27007
693,request for payment 3330
694,request for payment 3333
695,request for payment 23237
696,request for payment 23239
697,request for payment 185641
698,request for payment 64300
699,request for payment 27038
700,request for payment 56452
701,request for payment 56447
702,request for payment 56450
703,request for payment 185686
704,request for payment 55319
705,request for payment 9986
706,request for payment 9991
707,request for payment 9993
708,request for payment 9989
709,request for payment 10043
710,request for payment 27387
711,request for payment 185469
712,request for payment 4809
713,request for payment 31891
714,request for payment 31893
715,request for payment 67669
716,request for payment 67684
717,request for payment 5316
718,request for payment 27406
719,request for payment 185833
720,request for payment 10103
721,request for payment 185725
722,request for payment 62858
723,request for payment 62860
724,request for payment 9554
725,request for payment 9556
726,request for payment 185481
727,request for payment 66704
728,request for payment 4906
729,request for payment 5352
730,request for payment 5350
731,request for payment 42661
732,request for payment 31593
733,request for payment 43770
734,request for payment 43772
735,request for payment 9588
736,request for payment 9590
737,request for payment 9585
738,request for payment 57191
739,request for payment 57185
740,request for payment 57187
741,request for payment 57189
742,request for payment 57183
743,request for payment 57193
744,request for payment 23771
745,request for payment 23769
746,request for payment 4972
747,request for payment 67063
748,request for payment 185839
749,request for payment 44508
750,request for payment 44511
751,request for payment 44515
752,request for payment 44513
753,request for payment 5457
754,request for payment 5406
755,request for payment 5489
756,request for payment 5514
757,request for payment 57246
758,request for payment 57249
759,request for payment 5548
760,request for payment 57281
761,request for payment 5428
762,request for payment 5425
763,request for payment 23698
764,request for payment 64659
765,request for payment 185676
766,request for payment 4196
767,request for payment 1000
768,request for payment 998
769,request for payment 996
770,request for payment 23974
771,request for payment 6040
772,request for payment 14916
773,request for payment 24003
774,request for payment 501
775,request for payment 5679
776,request for payment 67083
777,request for payment 67081
778,request for payment 67078
779,request for payment 6221
780,request for payment 6087
781,request for payment 542
782,request for payment 570
783,request for payment 567
784,request for payment 67133
785,request for payment 67135
786,request for payment 67131
787,request for payment 598
788,request for payment 32075
789,request for payment 67707
790,request for payment 67710
791,request for payment 32692
792,request for payment 6108
793,request for payment 1471
794,request for payment 1053
795,request for payment 1098
796,request for payment 1496
797,request for payment 1499
798,request for payment 1526
799,request for payment 185519
800,request for payment 1571
801,request for payment 185665
802,request for payment 42688
803,request for payment 1594
804,request for payment 14761
805,request for payment 185538
806,request for payment 67744
807,request for payment 67742
808,request for payment 32378
809,request for payment 32383
810,request for payment 32380
811,request for payment 2055
812,request for payment 14777
813,request for payment 24033
814,request for payment 24031
815,request for payment 24035
816,request for payment 67762
817,request for payment 24466
818,request for payment 34750
819,request for payment 24481
820,request for payment 3652
821,request for payment 3650
822,request for payment 3696
823,request for payment 4681
824,request for payment 64686
825,request for payment 64688
826,request for payment 3727
827,request for payment 185671
828,request for payment 185544
829,request for payment 5738
830,request for payment 44583
831,request for payment 3776
832,request for payment 3806
833,request for payment 32419
834,request for payment 32422
835,request for payment 185496
836,request for payment 67777
837,request for payment 57327
838,request for payment 57325
839,request for payment 15149
840,request for payment 64734
841,request for payment 24064
842,request for payment 24066
843,request for payment 24060
844,request for payment 24072
845,request for payment 24070
846,request for payment 24056
847,request for payment 24058
848,request for payment 24076
849,request for payment 24074
850,request for payment 24062
851,request for payment 24068
852,request for payment 42785
853,request for payment 3880
854,request for payment 3878
855,request for payment 67811
856,request for payment 67810
857,request for payment 24134
858,request for payment 15182
859,request for payment 15185
860,request for payment 15187
861,request for payment 3898
862,request for payment 3917
863,request for payment 57345
864,request for payment 3936
865,request for payment 3938
866,request for payment 5872
867,request for payment 43142
868,request for payment 5909
869,request for payment 5063
870,request for payment 32707
871,request for payment 32709
872,request for payment 32483
873,request for payment 24156
874,request for payment 5079
875,request for payment 67199
876,request for payment 57375
877,request for payment 57373
878,request for payment 67217
879,request for payment 5106
880,request for payment 67258
881,request for payment 57403
882,request for payment 5144
883,request for payment 185426
884,request for payment 185692
885,request for payment 64756
886,request for payment 30872
887,request for payment 185697
888,request for payment 185457
889,request for payment 42816
890,request for payment 42818
891,request for payment 44052
892,request for payment 41817
893,request for payment 41820
894,request for payment 41822
895,request for payment 67309
896,request for payment 185492
897,request for payment 44064
898,request for payment 41856
899,request for payment 13686
900,request for payment 25316
901,request for payment 21431
902,request for payment 28252
903,request for payment 30915
904,request for payment 53302
905,request for payment 53324
906,request for payment 185713
907,request for payment 28269
908,request for payment 44644
909,request for payment 44097
910,request for payment 25341
911,request for payment 44667
912,request for payment 40630
913,request for payment 40627
914,request for payment 32554
915,request for payment 41939
916,request for payment 48821
917,request for payment 24567
918,request for payment 40665
919,request for payment 21460
920,request for payment 43221
921,request for payment 43219
922,request for payment 43217
923,request for payment 64775
924,request for payment 43245
925,request for payment 44132
926,request for payment 40680
927,request for payment 13716
928,request for payment 48839
929,request for payment 41967
930,request for payment 41971
931,request for payment 41969
932,request for payment 41567
933,request for payment 41993
934,request for payment 41996
935,request for payment 185920
936,request for payment 28307
937,request for payment 185487
938,request for payment 30987
939,request for payment 30985
940,request for payment 30990
941,request for payment 44162
942,request for payment 44717
943,request for payment 185731
944,request for payment 42350
945,request for payment 44732
946,request for payment 41143
947,request for payment 36990
948,request for payment 44197
949,request for payment 44200
950,request for payment 37004
951,request for payment 37002
952,request for payment 67291
953,request for payment 67288
954,request for payment 31038
955,request for payment 31035
956,request for payment 44946
957,request for payment 185526
958,request for payment 185532
959,request for payment 31066
960,request for payment 31068
961,request for payment 31070
962,request for payment 41610
963,request for payment 53485
964,request for payment 53483
965,request for payment 44964
966,request for payment 31094
967,request for payment 31097
968,request for payment 22900
969,request for payment 45466
970,request for payment 45464
971,request for payment 48888
972,request for payment 54104
973,request for payment 45494
974,request for payment 45517
975,request for payment 45519
976,request for payment 28393
977,request for payment 21504
978,request for payment 33174
979,request for payment 45032
980,request for payment 45034
981,request for payment 13773
982,request for payment 13777
983,request for payment 40726
984,request for payment 40728
985,request for payment 48922
986,request for payment 15263
987,request for payment 48951
988,request for payment 48948
989,request for payment 22913
990,request for payment 22915
991,request for payment 22917
992,request for payment 43304
993,request for payment 54133
994,request for payment 45678
995,request for payment 45674
996,request for payment 45676
997,request for payment 13795
998,request for payment 48995
999,request for payment 15285
1000,request for payment 31140
1001,request for payment 33201
1002,request for payment 42536
1003,request for payment 42534
1004,request for payment 42542
1005,request for payment 42540
1006,request for payment 42538
1007,request for payment 33226
1008,request for payment 25410
1009,request for payment 25407
1010,request for payment 68174
1011,request for payment 43323
1012,request for payment 37049
1013,request for payment 45983
1014,request for payment 42904
1015,request for payment 46482
1016,request for payment 28420
1017,request for payment 46497
1018,request for payment 46022
1019,request for payment 46077
1020,request for payment 42974
1021,request for payment 41211
1022,request for payment 43014
1023,request for payment 185855
1024,request for payment 186032
1025,request for payment 53761
1026,request for payment 53763
1027,request for payment 68205
1028,request for payment 46565
1029,request for payment 13881
1030,request for payment 186037
1031,request for payment 185912
1032,request for payment 43075
1033,request for payment 43073
1034,request for payment 43071
1035,request for payment 13897
1036,request for payment 186010
1037,request for payment 41665
1038,request for payment 43111
1039,request for payment 43109
1040,request for payment 46194
1041,request for payment 15319
1042,request for payment 185983
1043,request for payment 41262
1044,request for payment 41264
1045,request for payment 46772
1046,request for payment 46774
1047,request for payment 49635
1048,request for payment 49633
1049,request for payment 46613
1050,request for payment 43402
1051,request for payment 54683
1052,request for payment 31631
1053,request for payment 40814
1054,request for payment 40816
1055,request for payment 54699
1056,request for payment 54702
1057,request for payment 68233
1058,request for payment 46802
1059,request for payment 43417
1060,request for payment 43419
1061,request for payment 46821
1062,request for payment 46654
1063,request for payment 43445
1064,request for payment 53834
1065,request for payment 53832
1066,request for payment 46845
1067,request for payment 46843
1068,request for payment 49672
1069,request for payment 49674
1070,request for payment 49670
1071,request for payment 41336
1072,request for payment 41339
1073,request for payment 54739
1074,request for payment 54737
1075,request for payment 54740
1076,request for payment 46887
1077,request for payment 46884
1078,request for payment 24635
1079,request for payment 24632
1080,request for payment 32100
1081,request for payment 185918
1082,request for payment 43473
1083,request for payment 46946
1084,request for payment 46948
1085,request for payment 33299
1086,request for payment 37104
1087,request for payment 46989
1088,request for payment 46987
1089,request for payment 21589
1090,request for payment 21590
1091,request for payment 21587
1092,request for payment 43493
1093,request for payment 47026
1094,request for payment 33321
1095,request for payment 33324
1096,request for payment 33330
1097,request for payment 33326
1098,request for payment 33328
1099,request for payment 47320
1100,request for payment 47325
1101,request for payment 47321
1102,request for payment 47327
1103,request for payment 47323
1104,request for payment 33378
1105,request for payment 68273
1106,request for payment 68275
1107,request for payment 49713
1108,request for payment 49737
1109,request for payment 68294
1110,request for payment 53876
1111,request for payment 32130
1112,request for payment 32128
1113,request for payment 13918
1114,request for payment 21611
1115,request for payment 15749
1116,request for payment 15747
1117,request for payment 15751
1118,request for payment 185926
1119,request for payment 186043
1120,request for payment 54806
1121,request for payment 54808
1122,request for payment 13936
1123,request for payment 13954
1124,request for payment 13956
1125,request for payment 24822
1126,request for payment 24820
1127,request for payment 24840
1128,request for payment 32184
1129,request for payment 32179
1130,request for payment 32182
1131,request for payment 32181
1132,request for payment 32215
1133,request for payment 49817
1134,request for payment 49815
1135,request for payment 186099
1136,request for payment 45765
1137,request for payment 49851
1138,request for payment 49849
1139,request for payment 186105
1140,request for payment 36194
1141,request for payment 47449
1142,request for payment 186049
1143,request for payment 45790
1144,request for payment 45805
1145,request for payment 45820
1146,request for payment 26103
1147,request for payment 38512
1148,request for payment 47482
1149,request for payment 26135
1150,request for payment 26130
1151,request for payment 26133
1152,request for payment 38547
1153,request for payment 26193
1154,request for payment 26191
1155,request for payment 26231
1156,request for payment 28985
1157,request for payment 38563
1158,request for payment 17075
1159,request for payment 29025
1160,request for payment 49869
1161,request for payment 23411
1162,request for payment 23432
1163,request for payment 23451
1164,request for payment 49910
1165,request for payment 38615
1166,request for payment 24804
1167,request for payment 36274
1168,request for payment 36276
1169,request for payment 36272
1170,request for payment 45922
1171,request for payment 50609
1172,request for payment 50624
1173,request for payment 50640
1174,request for payment 44412
1175,request for payment 38642
1176,request for payment 185957
1177,request for payment 46688
1178,request for payment 46706
1179,request for payment 46729
1180,request for payment 46727
1181,request for payment 24894
1182,request for payment 44488
1183,request for payment 68514
1184,request for payment 35648
1185,request for payment 35646
1186,request for payment 186004
1187,request for payment 14972
1188,request for payment 14989
1189,request for payment 186028
1190,request for payment 39133
1191,request for payment 51207
1192,request for payment 35889
1193,request for payment 39163
1194,request for payment 39185
1195,request for payment 69328
1196,request for payment 53954
1197,request for payment 15018
1198,request for payment 35728
1199,request for payment 35957
1200,request for payment 35942
1201,request for payment 35768
1202,request for payment 39243
1203,request for payment 45223
1204,request for payment 35977
1205,request for payment 35992
1206,request for payment 45259
1207,request for payment 45257
1208,request for payment 45279
1209,request for payment 45277
1210,request for payment 29368
1211,request for payment 39306
1212,request for payment 39343
1213,request for payment 29395
1214,request for payment 69468
1215,request for payment 69503
1216,request for payment 69521
1217,request for payment 36021
1218,request for payment 36024
1219,request for payment 36026
1220,request for payment 54477
1221,request for payment 54497
1222,request for payment 54495
1223,request for payment 70213
1224,request for payment 54524
1225,request for payment 54522
1226,request for payment 54520
1227,request for payment 36068
1228,request for payment 17248
1229,request for payment 17267
1230,request for payment 17264
1231,request for payment 37455
1232,request for payment 37474
1233,request for payment 185874
1234,request for payment 35853
1235,request for payment 186054
1236,request for payment 38048
1237,request for payment 25565
1238,request for payment 25590
1239,request for payment 25592
1240,request for payment 186064
1241,request for payment 32807
1242,request for payment 36892
1243,request for payment 36890
1244,request for payment 36887
1245,request for payment 32838
1246,request for payment 25639
1247,request for payment 25641
1248,request for payment 37730
1249,request for payment 37740
1250,request for payment 36660
1251,request for payment 36658
1252,request for payment 36656
1253,request for payment 36654
1254,request for payment 25687
1255,request for payment 25683
1256,request for payment 25689
1257,request for payment 25685
1258,request for payment 25691
1259,request for payment 37787
1260,request for payment 37791
1261,request for payment 37793
1262,request for payment 37789
1263,request for payment 51383
1264,request for payment 51385
1265,request for payment 32287
1266,request for payment 32285
1267,request for payment 32283
1268,request for payment 51876
1269,request for payment 51874
1270,request for payment 40051
1271,request for payment 186070
1272,request for payment 37841
1273,request for payment 37862
1274,request for payment 32881
1275,request for payment 51924
1276,request for payment 21159
1277,request for payment 21157
1278,request for payment 21156
1279,request for payment 46427
1280,request for payment 46424
1281,request for payment 37938
1282,request for payment 21187
1283,request for payment 38115
1284,request for payment 21250
1285,request for payment 25779
1286,request for payment 26280
1287,request for payment 32900
1288,request for payment 38161
1289,request for payment 38157
1290,request for payment 38159
1291,request for payment 51979
1292,request for payment 15505
1293,request for payment 15508
1294,request for payment 33440
1295,request for payment 33470
1296,request for payment 33467
1297,request for payment 47053
1298,request for payment 21707
1299,request for payment 17325
1300,request for payment 17322
1301,request for payment 185943
1302,request for payment 17477
1303,request for payment 52043
1304,request for payment 40242
1305,request for payment 38762
1306,request for payment 17504
1307,request for payment 17549
1308,request for payment 21754
1309,request for payment 52075
1310,request for payment 38427
1311,request for payment 38429
1312,request for payment 52097
1313,request for payment 52559
1314,request for payment 38837
1315,request for payment 38853
1316,request for payment 47146
1317,request for payment 38478
1318,request for payment 15529
1319,request for payment 32916
1320,request for payment 40297
1321,request for payment 37565
1322,request for payment 37569
1323,request for payment 37567
1324,request for payment 27579
1325,request for payment 15545
1326,request for payment 40343
1327,request for payment 37615
1328,request for payment 185938
1329,request for payment 186058
1330,request for payment 17966
1331,request for payment 21827
1332,request for payment 21843
1333,request for payment 21861
1334,request for payment 40381
1335,request for payment 186087
1336,request for payment 70359
1337,request for payment 70361
1338,request for payment 70357
1339,request for payment 39415
1340,request for payment 40321
1341,request for payment 21910
1342,request for payment 21908
1343,request for payment 15609
1344,request for payment 15612
1345,request for payment 47248
1346,request for payment 36368
1347,request for payment 22149
1348,request for payment 36398
1349,request for payment 18016
1350,request for payment 37630
1351,request for payment 22233
1352,request for payment 52666
1353,request for payment 186094
1354,request for payment 37686
1355,request for payment 37684
1356,request for payment 18039
1357,request for payment 36489
1358,request for payment 52698
1359,request for payment 52701
1360,request for payment 36520
1361,request for payment 36541
1362,request for payment 36539
1363,request for payment 22294
1364,request for payment 22292
1365,request for payment 22316
1366,request for payment 185906
1367,request for payment 38206
1368,request for payment 22335
1369,request for payment 25104
1370,request for payment 70407
1371,request for payment 70409
1372,request for payment 38230
1373,request for payment 28072
1374,request for payment 37237
1375,request for payment 40861
1376,request for payment 54922
1377,request for payment 54924
1378,request for payment 54920
1379,request for payment 15840
1380,request for payment 37408
1381,request for payment 37429
1382,request for payment 38000
1383,request for payment 18445
1384,request for payment 18441
1385,request for payment 18443
1386,request for payment 28100
1387,request for payment 28102
1388,request for payment 28098
1389,request for payment 39597
1390,request for payment 39599
1391,request for payment 40900
1392,request for payment 18481
1393,request for payment 18497
1394,request for payment 28198
1395,request for payment 28196
1396,request for payment 39638
1397,request for payment 22359
1398,request for payment 40942
1399,request for payment 38954
1400,request for payment 55352
1401,request for payment 40991
1402,request for payment 38995
1403,request for payment 186107
1404,request for payment 39713
1405,request for payment 28649
1406,request for payment 28647
1407,request for payment 28645
1408,request for payment 28643
1409,request for payment 41015
1410,request for payment 28722
1411,request for payment 71251
1412,request for payment 71247
1413,request for payment 71249
1414,request for payment 28768
1415,request for payment 28759
1416,request for payment 28764
1417,request for payment 28762
1418,request for payment 28766
1419,request for payment 28770
1420,request for payment 10438
1421,request for payment 71277
1422,request for payment 71279
1423,request for payment 64339
1424,request for payment 64342
1425,request for payment 54186
1426,request for payment 54184
1427,request for payment 186075
1428,request for payment 71315
1429,request for payment 20624
1430,request for payment 64906
1431,request for payment 53544
1432,request for payment 71444
1433,request for payment 71442
1434,request for payment 71440
1435,request for payment 71437
1436,request for payment 61109
1437,request for payment 19009
1438,request for payment 185962
1439,request for payment 185968
1440,request for payment 10540
1441,request for payment 29593
1442,request for payment 185972
1443,request for payment 10589
1444,request for payment 64389
1445,request for payment 53615
1446,request for payment 59580
1447,request for payment 52876
1448,request for payment 52874
1449,request for payment 186081
1450,request for payment 52894
1451,request for payment 68992
1452,request for payment 68991
1453,request for payment 29637
1454,request for payment 64967
1455,request for payment 59621
1456,request for payment 59649
1457,request for payment 61728
1458,request for payment 61744
1459,request for payment 60381
1460,request for payment 61758
1461,request for payment 185880
1462,request for payment 65267
1463,request for payment 61235
1464,request for payment 29698
1465,request for payment 69921
1466,request for payment 69935
1467,request for payment 60423
1468,request for payment 11010
1469,request for payment 52932
1470,request for payment 11043
1471,request for payment 53635
1472,request for payment 11058
1473,request for payment 11060
1474,request for payment 69958
1475,request for payment 65335
1476,request for payment 11096
1477,request for payment 25189
1478,request for payment 185930
1479,request for payment 65368
1480,request for payment 64482
1481,request for payment 64481
1482,request for payment 64484
1483,request for payment 70740
1484,request for payment 70741
1485,request for payment 65386
1486,request for payment 65444
1487,request for payment 65442
1488,request for payment 52969
1489,request for payment 19180
1490,request for payment 60514
1491,request for payment 70804
1492,request for payment 30051
1493,request for payment 185900
1494,request for payment 30083
1495,request for payment 53026
1496,request for payment 53028
1497,request for payment 19236
1498,request for payment 19238
1499,request for payment 61274
1500,request for payment 60595
1501,request for payment 185945
1502,request for payment 53673
1503,request for payment 53701
1504,request for payment 53721
1505,request for payment 30137
1506,request for payment 19256
1507,request for payment 30152
1508,request for payment 20699
1509,request for payment 54321
1510,request for payment 54320
1511,request for payment 61419
1512,request for payment 19563
1513,request for payment 54342
1514,request for payment 54340
1515,request for payment 16093
1516,request for payment 16096
1517,request for payment 16128
1518,request for payment 16126
1519,request for payment 55461
1520,request for payment 55463
1521,request for payment 66168
1522,request for payment 66171
1523,request for payment 61298
1524,request for payment 61317
1525,request for payment 61337
1526,request for payment 62523
1527,request for payment 61499
1528,request for payment 66245
1529,request for payment 66282
1530,request for payment 61517
1531,request for payment 33948
1532,request for payment 56039
1533,request for payment 56037
1534,request for payment 185951
1535,request for payment 30288
1536,request for payment 61536
1537,request for payment 66324
1538,request for payment 63297
1539,request for payment 19643
1540,request for payment 11490
1541,request for payment 11487
1542,request for payment 62556
1543,request for payment 62559
1544,request for payment 56144
1545,request for payment 56139
1546,request for payment 56142
1547,request for payment 56146
1548,request for payment 25809
1549,request for payment 63337
1550,request for payment 11576
1551,request for payment 63372
1552,request for payment 63387
1553,request for payment 66391
1554,request for payment 66407
1555,request for payment 63403
1556,request for payment 71780
1557,request for payment 11616
1558,request for payment 11614
1559,request for payment 11655
1560,request for payment 62572
1561,request for payment 62576
1562,request for payment 62574
1563,request for payment 56236
1564,request for payment 19730
1565,request for payment 56255
1566,request for payment 71806
1567,request for payment 30316
1568,request for payment 56907
1569,request for payment 56905
1570,request for payment 71899
1571,request for payment 63465
1572,request for payment 63480
1573,request for payment 185845
1574,request for payment 66885
1575,request for payment 66882
1576,request for payment 71919
1577,request for payment 66907
1578,request for payment 66917
1579,request for payment 34049
1580,request for payment 71938
1581,request for payment 34088
1582,request for payment 34109
1583,request for payment 25861
1584,request for payment 25858
1585,request for payment 56965
1586,request for payment 185866
1587,request for payment 185978
1588,request for payment 62156
1589,request for payment 62154
1590,request for payment 62152
1591,request for payment 62149
1592,request for payment 62158
1593,request for payment 62186
1594,request for payment 62188
1595,request for payment 62217
1596,request for payment 57011
1597,request for payment 20097
1598,request for payment 20094
1599,request for payment 20117
1600,request for payment 20146
1601,request for payment 185868
1602,request for payment 62674
1603,request for payment 62671
1604,request for payment 62286
1605,request for payment 62281
1606,request for payment 62284
1607,request for payment 34519
1608,request for payment 34517
1609,request for payment 62711
1610,request for payment 64563
1611,request for payment 64566
1612,request for payment 64568
1613,request for payment 64570
1614,request for payment 64572
1615,request for payment 185989
1616,request for payment 59131
1617,request for payment 62318
1618,request for payment 62339
1619,request for payment 62337
1620,request for payment 62363
1621,request for payment 62385
1622,request for payment 20178
1623,request for payment 62403
1624,request for payment 62963
1625,request for payment 62978
1626,request for payment 185886
1627,request for payment 185995
1628,request for payment 64986
1629,request for payment 64988
1630,request for payment 12019
1631,request for payment 67898
1632,request for payment 57100
1633,request for payment 20194
1634,request for payment 20795
1635,request for payment 59187
1636,request for payment 186016
1637,request for payment 186022
1638,request for payment 59206
1639,request for payment 59215
1640,request for payment 59225
1641,request for payment 57891
1642,request for payment 63104
1643,request for payment 63106
1644,request for payment 20242
1645,request for payment 20266
1646,request for payment 20815
1647,request for payment 20817
1648,request for payment 67966
1649,request for payment 67968
1650,request for payment 12286
1651,request for payment 63149
1652,request for payment 59274
1653,request for payment 59305
1654,request for payment 59350
1655,request for payment 185890
1656,request for payment 63168
1657,request for payment 68010
1658,request for payment 20339
1659,request for payment 20337
1660,request for payment 20335
1661,request for payment 20331
1662,request for payment 20333
1663,request for payment 185849
1664,request for payment 12324
1665,request for payment 12343
1666,request for payment 57911
1667,request for payment 59915
1668,request for payment 63533
1669,request for payment 63535
1670,request for payment 63554
1671,request for payment 59940
1672,request for payment 59938
1673,request for payment 59942
1674,request for payment 65059
1675,request for payment 65057
1676,request for payment 63630
1677,request for payment 63662
1678,request for payment 63659
1679,request for payment 63682
1680,request for payment 63680
1681,request for payment 57950
1682,request for payment 65081
1683,request for payment 58005
1684,request for payment 58002
1685,request for payment 185895
1686,request for payment 65189
1687,request for payment 20464
1688,request for payment 60065
1689,request for payment 60094
1690,request for payment 60115
1691,request for payment 12417
1692,request for payment 12436
1693,request for payment 20529
1694,request for payment 20531
1695,request for payment 12476
1696,request for payment 19285
1697,request for payment 19288
1698,request for payment 12735
1699,request for payment 12733
1700,request for payment 12730
1701,request for payment 19316
1702,request for payment 19313
1703,request for payment 19318
1704,request for payment 19320
1705,request for payment 12774
1706,request for payment 20835
1707,request for payment 60928
1708,request for payment 60946
1709,request for payment 25948
1710,request for payment 58046
1711,request for payment 58061
1712,request for payment 61001
1713,request for payment 61026
1714,request for payment 12849
1715,request for payment 61073
1716,request for payment 61075
1717,request for payment 61097
1718,request for payment 186392
1719,request for payment 25966
1720,request for payment 19422
1721,request for payment 19437
1722,request for payment 63231
1723,request for payment 65230
1724,request for payment 25983
1725,request for payment 25981
1726,request for payment 25985
1727,request for payment 68561
1728,request for payment 12943
1729,request for payment 12941
1730,request for payment 63873
1731,request for payment 13003
1732,request for payment 16169
1733,request for payment 65805
1734,request for payment 68546
1735,request for payment 65891
1736,request for payment 65918
1737,request for payment 65933
1738,request for payment 67392
1739,request for payment 57052
1740,request for payment 67423
1741,request for payment 67425
1742,request for payment 67421
1743,request for payment 67419
1744,request for payment 67476
1745,request for payment 67474
1746,request for payment 16904
1747,request for payment 68660
1748,request for payment 186376
1749,request for payment 68756
1750,request for payment 186382
1751,request for payment 186445
1752,request for payment 69546
1753,request for payment 69102
1754,request for payment 16459
1755,request for payment 16483
1756,request for payment 69557
1757,request for payment 16535
1758,request for payment 69594
1759,request for payment 16598
1760,request for payment 69124
1761,request for payment 69172
1762,request for payment 69670
1763,request for payment 16660
1764,request for payment 69229
1765,request for payment 186386
1766,request for payment 69247
1767,request for payment 69268
1768,request for payment 69270
1769,request for payment 70078
1770,request for payment 70076
1771,request for payment 16721
1772,request for payment 16748
1773,request for payment 70135
1774,request for payment 70147
1775,request for payment 186407
1776,request for payment 16855
1777,request for payment 71027
1778,request for payment 186216
1779,request for payment 58896
1780,request for payment 71126
1781,request for payment 71150
1782,request for payment 71182
1783,request for payment 71227
1784,request for payment 10236
1785,request for payment 10234
1786,request for payment 10231
1787,request for payment 35034
1788,request for payment 10305
1789,request for payment 70592
1790,request for payment 10322
1791,request for payment 10319
1792,request for payment 59388
1793,request for payment 58960
1794,request for payment 70612
1795,request for payment 70645
1796,request for payment 70658
1797,request for payment 70707
1798,request for payment 70729
1799,request for payment 71558
1800,request for payment 71578
1801,request for payment 71576
1802,request for payment 71603
1803,request for payment 10392
1804,request for payment 10385
1805,request for payment 10388
1806,request for payment 10390
1807,request for payment 71618
1808,request for payment 71635
1809,request for payment 71650
1810,request for payment 60171
1811,request for payment 59068
1812,request for payment 19976
1813,request for payment 60218
1814,request for payment 60249
1815,request for payment 60348
1816,request for payment 60346
1817,request for payment 60344
1818,request for payment 71737
1819,request for payment 59793
1820,request for payment 186226
1821,request for payment 60688
1822,request for payment 35146
1823,request for payment 20584
1824,request for payment 20960
1825,request for payment 186231
1826,request for payment 10847
1827,request for payment 28814
1828,request for payment 28809
1829,request for payment 28812
1830,request for payment 28816
1831,request for payment 33074
1832,request for payment 33089
1833,request for payment 34816
1834,request for payment 34819
1835,request for payment 186252
1836,request for payment 50429
1837,request for payment 28865
1838,request for payment 55813
1839,request for payment 55811
1840,request for payment 21013
1841,request for payment 17687
1842,request for payment 186456
1843,request for payment 186461
1844,request for payment 186429
1845,request for payment 55071
1846,request for payment 23116
1847,request for payment 55854
1848,request for payment 55856
1849,request for payment 55858
1850,request for payment 55879
1851,request for payment 17748
1852,request for payment 29544
1853,request for payment 48096
1854,request for payment 50554
1855,request for payment 186434
1856,request for payment 48124
1857,request for payment 35442
1858,request for payment 30540
1859,request for payment 52492
1860,request for payment 186424
1861,request for payment 50979
1862,request for payment 50996
1863,request for payment 50994
1864,request for payment 55896
1865,request for payment 53120
1866,request for payment 53144
1867,request for payment 17839
1868,request for payment 35465
1869,request for payment 35467
1870,request for payment 55913
1871,request for payment 55911
1872,request for payment 35512
1873,request for payment 55212
1874,request for payment 11189
1875,request for payment 55943
1876,request for payment 51071
1877,request for payment 52222
1878,request for payment 51154
1879,request for payment 186439
1880,request for payment 55992
1881,request for payment 55994
1882,request for payment 52240
1883,request for payment 52289
1884,request for payment 52287
1885,request for payment 186450
1886,request for payment 34364
1887,request for payment 186266
1888,request for payment 30396
1889,request for payment 53212
1890,request for payment 53214
1891,request for payment 11203
1892,request for payment 11206
1893,request for payment 51750
1894,request for payment 30419
1895,request for payment 53271
1896,request for payment 52359
1897,request for payment 55739
1898,request for payment 13249
1899,request for payment 186494
1900,request for payment 186499
1901,request for payment 27213
1902,request for payment 27216
1903,request for payment 27258
1904,request for payment 57756
1905,request for payment 57758
1906,request for payment 58252
1907,request for payment 58253
1908,request for payment 186301
1909,request for payment 58298
1910,request for payment 58296
1911,request for payment 58335
1912,request for payment 186322
1913,request for payment 57493
1914,request for payment 57531
1915,request for payment 57547
1916,request for payment 33629
1917,request for payment 33626
1918,request for payment 57570
1919,request for payment 186466
1920,request for payment 34172
1921,request for payment 48206
1922,request for payment 48209
1923,request for payment 48251
1924,request for payment 57639
1925,request for payment 57636
1926,request for payment 48315
1927,request for payment 58373
1928,request for payment 58375
1929,request for payment 49048
1930,request for payment 49080
1931,request for payment 186113
1932,request for payment 49095
1933,request for payment 57866
1934,request for payment 49202
1935,request for payment 49204
1936,request for payment 186418
1937,request for payment 186470
1938,request for payment 27798
1939,request for payment 186254
1940,request for payment 49261
1941,request for payment 49941
1942,request for payment 49939
1943,request for payment 18272
1944,request for payment 186259
1945,request for payment 186277
1946,request for payment 58601
1947,request for payment 58603
1948,request for payment 58605
1949,request for payment 186282
1950,request for payment 34330
1951,request for payment 27872
1952,request for payment 18283
1953,request for payment 186488
1954,request for payment 58641
1955,request for payment 186286
1956,request for payment 29236
1957,request for payment 58659
1958,request for payment 58478
1959,request for payment 186515
1960,request for payment 186190
1961,request for payment 186141
1962,request for payment 58516
1963,request for payment 58541
1964,request for payment 58718
1965,request for payment 58717
1966,request for payment 58716
1967,request for payment 58553
1968,request for payment 50720
1969,request for payment 186146
1970,request for payment 18332
1971,request for payment 186150
1972,request for payment 186504
1973,request for payment 186156
1974,request for payment 35218
1975,request for payment 186510
1976,request for payment 13604
1977,request for payment 13601
1978,request for payment 13368
1979,request for payment 58807
1980,request for payment 58805
1981,request for payment 186221
1982,request for payment 186540
1983,request for payment 186545
1984,request for payment 35230
1985,request for payment 186550
1986,request for payment 13671
1987,request for payment 35264
1988,request for payment 29299
1989,request for payment 47726
1990,request for payment 47724
1991,request for payment 51429
1992,request for payment 35281
1993,request for payment 186195
1994,request for payment 186176
1995,request for payment 186524
1996,request for payment 186555
1997,request for payment 47804
1998,request for payment 13400
1999,request for payment 51548
2000,request for payment 51566
2001,request for payment 186520
2002,request for payment 186181
2003,request for payment 51582
2004,request for payment 26754
2005,request for payment 26751
2006,request for payment 47657
2007,request for payment 47678
2008,request for payment 14128
2009,request for payment 47694
2010,request for payment 47689
2011,request for payment 47692
2012,request for payment 48461
2013,request for payment 24355
2014,request for payment 48546
2015,request for payment 186576
2016,request for payment 186477
2017,request for payment 26499
2018,request for payment 186186
2019,request for payment 186580
2020,request for payment 28534
2021,request for payment 186200
2022,request for payment 18910
2023,request for payment 11741
2024,request for payment 11743
2025,request for payment 26796
2026,request for payment 186206
2027,request for payment 186529
2028,request for payment 48583
2029,request for payment 48594
2030,request for payment 26556
2031,request for payment 186397
2032,request for payment 186482
2033,request for payment 186130
2034,request for payment 186534
2035,request for payment 30623
2036,request for payment 30641
2037,request for payment 50272
2038,request for payment 50305
2039,request for payment 186402
2040,request for payment 186210
2041,request for payment 186136
2042,request for payment 48622
2043,request for payment 186306
2044,request for payment 186236
2045,request for payment 24397
2046,request for payment 18971
2047,request for payment 186312
2048,request for payment 186317
2049,request for payment 186241
2050,request for payment 28553
2051,request for payment 48748
2052,request for payment 186247
2053,request for payment 11908
2054,request for payment 50887
2055,request for payment 186412
2056,request for payment 49449
2057,request for payment 49447
2058,request for payment 186606
2059,request for payment 186272
2060,request for payment 49561
2061,request for payment 49581
2062,request for payment 23161
2063,request for payment 11373
2064,request for payment 12204
2065,request for payment 23793
2066,request for payment 12216
2067,request for payment 186331
2068,request for payment 13441
2069,request for payment 186291
2070,request for payment 186160
2071,request for payment 186296
2072,request for payment 186339
2073,request for payment 25033
2074,request for payment 186570
2075,request for payment 186561
2076,request for payment 23854
2077,request for payment 186166
2078,request for payment 186120
2079,request for payment 186565
2080,request for payment 186125
2081,request for payment 186171
2082,request for payment 12587
2083,request for payment 13213
2084,request for payment 13229
2085,request for payment 186589
2086,request for payment 186595
2087,request for payment 186601
2088,request for payment 186345
2089,request for payment 186350
2090,request for payment 186361
2091,request for payment 186366
2092,request for payment 186371
2093,request for payment 186355
2094,request for payment 186623
2095,request for payment 13067
2096,request for payment 186629
2097,request for payment 186617
2098,request for payment 186612
